label,score
negative,0.9999203681945801
negative,0.9998021721839905
positive,0.9999306201934814
